timestamp,ativo,tipo_evento,resultado_da_batalha,descricao,delta,volume_total,multi_tf,historical_confidence,ai_analysis
2025-09-15T01:42:01+00:00,BTCUSDT,OrderBook,Alerta de Liquidez,"PAREDE DE COMPRA: 5.12 @ $115,142.10 (limite: 3.65) | PAREDE DE VENDA: 10.77 @ $115,142.20 (limite: 7.58)",0,0,{},{},"### üìå **Parecer Institucional ‚Äì BTCUSDT | OrderBook**

---

## 1) **Interpreta√ß√£o (Order Flow, Liquidez, Zona)**

**Zona de Pre√ßo:** $115,142.10 ‚Äì $115,142.20  
**Parede de Compra:** 5.12 BTC @ $115,142.10 (limite: 3.65 BTC)  
**Parede de Venda:** 10.77 BTC @ $115,142.20 (limite: 7.58 BTC)  
**Spread:** 0.10 USD (extremamente apertado)  
**Imbalance:** -0.26 (leve imbalance para venda)  
**Pressure:** -0.26 (press√£o vendedora ligeiramente maior)  
**Profundidade Total:** ~$2,022,353.54 (Bid + Ask)

### üîç An√°lise:

- **Liquidez concentrada** em uma faixa extremamente estreita, indicando que o mercado est√° **consolidando em uma zona de equil√≠brio**.
- A **parede de compra** √© robusta, com 5.12 BTC, mas **n√£o √© impenetr√°vel**, pois o limite est√° em 3.65 BTC. Isso sugere que a **liquidez est√° parcialmente defendida**.
- A **parede de venda** √© mais volumosa (10.77 BTC), mas com limite em 7.58 BTC, o que indica que **parte da oferta pode ser absorvida** rapidamente.
- O **spread apertado e a profundidade elevada** sugerem **alta liquidez institucional localizada**, t√≠pica de zonas de suporte/resist√™ncia estrutural.
- O **imbalance negativo** mostra que h√° mais press√£o vendedora, mas **a parede de compra est√° agindo como buffer**.

---

## 2) **For√ßa Dominante**

üîç **For√ßa Compradora (Leve Superioridade T√°tica)**  
- A **parede de compra** est√° posicionada **abaixo da atual cota√ß√£o**, sugerindo que **compradores est√£o defendendo o n√≠vel**.
- A **profundidade do bid √© menor que o ask**, mas a **press√£o de venda n√£o est√° sendo convertida em movimento real**, o que indica **resili√™ncia compradora**.
- O **market impact de compra** mostra um **slippage negativo**, ou seja, **compradores est√£o empurrando o pre√ßo para baixo**, possivelmente testando"
2025-09-15T01:43:03+00:00,BTCUSDT,OrderBook,Alerta de Liquidez,"FLUXO: Aumento de 113.4% na liquidez de compra (Bids). | FLUXO: Retirada de 46.3% na liquidez de venda (Asks). | PAREDE DE COMPRA: 10.99 @ $115,120.00 (limite: 7.81) | PAREDE DE VENDA: 2.83 @ $115,120.10 (limite: 2.37)",0,0,{},{},"### üìå **Parecer Institucional ‚Äì BTCUSDT (OrderBook)**

---

## 1) **Interpreta√ß√£o (Order Flow, Liquidez, Zona)**

**Zona de Pre√ßo:** $115,120.00  
**Parede de Compra:** 10.99 BTC @ $115,120.00  
**Parede de Venda:** 2.83 BTC @ $115,120.10  
**Liquidez Bids (Compras):** Aumento de **113.4%**  
**Liquidez Asks (Vendas):** Redu√ß√£o de **46.3%**

**Interpreta√ß√£o:**
- H√° uma **concentra√ß√£o significativa de liquidez compradora** na marca de **$115,120**, com uma **parede de 10.99 BTC**, o que indica forte interesse institucional ou de grandes players em **defender esse n√≠vel**.
- A **liquidez vendedora foi reduzida em quase 50%**, sugerindo que **vendedores est√£o se retirando** ou que **compradores est√£o absorvendo a oferta**.
- O **Imbalance (0.40)** e o **Ratio (2.33)** mostram uma **press√£o compradora clara**, com mais liquidez acumulada no bid do que no ask.
- O **spread √© extremamente estreito (0.10)**, o que indica **alta liquidez e baixa volatilidade imediata**, t√≠pico de zonas de suporte/resist√™ncia fortes.
- O **Market Impact de venda** mostra que uma venda de 2.83 BTC causaria **slippage de 0.0015%**, mas **n√£o h√° impacto para compra**, o que refor√ßa a **resist√™ncia passiva** nesse n√≠vel.

---

## 2) **For√ßa Dominante**

üîç **Compradores (Bulls)**  
- Aumento expressivo de liquidez compradora  
- Retirada de liquidez vendedora  
- Parede de compra s√≥lida, com volume acima da m√©dia  
- Imbalance positivo e ratio acima de 2

---

## 3) **Expectativa (Curto/M√©dio Prazo)**

üìà **Curto Prazo (Horas/Dias):**  
- **Rejei√ß√£o imediata** do pre√ßo caso ocorra teste da zona de $115,120  
- **Rompimento acima de $115,120.10** pode ser explos"
2025-09-15T01:44:02+00:00,BTCUSDT,OrderBook,Alerta de Liquidez,"FLUXO: Retirada de 50.5% na liquidez de compra (Bids). | FLUXO: Aumento de 282.0% na liquidez de venda (Asks). | PAREDE DE COMPRA: 5.42 @ $115,135.00 (limite: 3.91) | PAREDE DE VENDA: 19.13 @ $115,135.10 (limite: 13.57)",0,0,{},{},"### üìå **Parecer Institucional ‚Äì BTCUSDT | OrderBook Analysis**

---

## 1) **Interpreta√ß√£o (Order Flow, Liquidez, Zona)**

### üîç **Zona de Pre√ßo: $115,135.00 ‚Äì $115,135.10**
- **Parede de Compra (Bid Wall):** 5.42 BTC @ $115,135.00
- **Parede de Venda (Ask Wall):** 19.13 BTC @ $115,135.10
- **Liquidez Localizada:** Zona altamente estruturada com defesa de bid e press√£o de ask.

### üìâ **Order Flow**
- **Retirada de 50.5% na liquidez de compra (Bids):** Indica que grandes players est√£o removendo liquidez passiva de compra, possivelmente para evitar suporte imediato.
- **Aumento de 282% na liquidez de venda (Asks):** Sinal de aumento de press√£o vendedora, possivelmente colocando ordens de venda passivas para testar o n√≠vel.
- **Imbalance negativo (-0.535):** H√° mais liquidez ofertada acima do pre√ßo do que abaixo, sugerindo press√£o vendedora.
- **Market Impact (Buy):** Compra de 1 BTC causaria queda de $0.63 no pre√ßo m√©dio, indicando que a liquidez de compra √© fina e fr√°gil.
- **Market Impact (Sell):** N√£o h√° impacto imediato, sugerindo que a liquidez de venda √© robusta.

### üß† **Interpreta√ß√£o Geral:**
A zona de $115,135.00 ‚Äì $115,135.10 est√° sendo **testada como resist√™ncia**, com **grande press√£o de venda** e **liquidez de compra sendo removida**. A estrutura sugere que **vendedores est√£o dominando o fluxo**, mas a presen√ßa de uma **parede de compra** indica que **alguns players defendem o n√≠vel**, possivelmente em busca de rejei√ß√£o.

---

## 2) **For√ßa Dominante**

- **Vendedores (Sellers):** S√£o os dominantes no momento.
  - Aumento substancial de liquidez no ask.
  - Imbalance negativo.
  - Retirada de bids sugere que n√£o h√° interesse em sustentar o pre√ßo.
- **Compradores (Bulls):** Defendem o n√≠vel com uma parede, mas est√£o em"
2025-09-15T01:45:02+00:00,BTCUSDT,OrderBook,Alerta de Liquidez,"FLUXO: Aumento de 56.7% na liquidez de compra (Bids). | FLUXO: Retirada de 64.4% na liquidez de venda (Asks). | PAREDE DE COMPRA: 8.93 @ $115,149.90 (limite: 6.36) | PAREDE DE VENDA: 7.77 @ $115,150.00 (limite: 5.48)",0,0,{},{},"### üìå **Parecer Institucional ‚Äì BTCUSDT | OrderBook Analysis**

---

## 1) **Interpreta√ß√£o (Order Flow, Liquidez, Zona)**

### üîç **Order Flow**
- Houve um **aumento de 56.7% na liquidez de compra (Bids)**, o que indica que grandes players est√£o acumulando ou protegendo quedas nesse n√≠vel.
- Simultaneamente, houve uma **retirada de 64.4% na liquidez de venda (Asks)**, sugerindo que vendedores institucionais est√£o se retirando ou que h√° absor√ß√£o de oferta acima.
- Isso cria um **desequil√≠brio (Imbalance)** positivo de **0.1425**, com **Ratio de 1.33**, mostrando press√£o compradora superior √† press√£o vendedora.

### üíß **Liquidez**
- **Parede de Compra**: 8.93 BTC @ $115,149.90 (limite: 6.36 BTC)
- **Parede de Venda**: 7.77 BTC @ $115,150.00 (limite: 5.48 BTC)
- **Zona Chave**: $115,149.90 ‚Äì $115,150.00
  - Zona extremamente estreita e sim√©trica, com parede de compra e venda quase id√™nticas em pre√ßo.
  - A proximidade entre as paredes sugere **zona de conflito institucional**, possivelmente uma **zona de acumula√ß√£o ou distribui√ß√£o** silenciosa.

### üìä **Profundidade e Impacto de Mercado**
- **Bid Depth (Compra)**: $1,238,087.73
- **Ask Depth (Venda)**: $929,145.84
- **Market Impact (Buy)**: -0.20 USD (pre√ßo cai 0.000177%)
- **Market Impact (Sell)**: +0.06 USD (pre√ßo sobe 0.000053%)
- **Spread**: 0.10 USD (~0.000087%), extremamente baixo, indicando mercado altamente l√≠quido e est√°vel.

---

## 2) **For√ßa Dominante**

- **Compradores (Bulls)** est√£o em posi√ß√£o mais forte:
  - Aumento de liquidez compradora.
  - Retirada de liquidez vendedora.
  - Imbalance positivo e ratio"
2025-09-15T01:46:02+00:00,BTCUSDT,OrderBook,Alerta de Liquidez,"FLUXO: Aumento de 82.2% na liquidez de compra (Bids). | FLUXO: Retirada de 54.8% na liquidez de venda (Asks). | PAREDE DE COMPRA: 17.40 @ $115,155.50 (limite: 12.30) | PAREDE DE VENDA: 1.98 @ $115,158.00 (limite: 1.54)",0,0,{},{},"### üìå **Parecer Institucional ‚Äì BTCUSDT (OrderBook)**

---

## 1) **Interpreta√ß√£o (Order Flow, Liquidez, Zona)**

**Zona de Pre√ßo Atual:**  
- **Parede de Compra (Bid):** 17.40 BTC @ $115,155.50  
- **Parede de Venda (Ask):** 1.98 BTC @ $115,158.00  
- **Spread:** 0.10 USD (extremamente apertado)  
- **Imbalance:** 0.686 | **Ratio Bid/Ask:** ~5.38  
- **Profundidade total (USD):** Bid = $2,256,009.61 | Ask = $419,517.91  

**Interpreta√ß√£o do Order Flow:**
- Houve um **aumento significativo de 82.2% na liquidez de compra**, indicando forte interesse comprador na regi√£o de $115,155.50.
- Simultaneamente, houve **redu√ß√£o de 54.8% na liquidez de venda**, sugerindo que vendedores est√£o se retirando ou sendo absorvidos.
- A **parede de compra** √© substancialmente maior que a de venda, com um **ratio de 5.38:1**, o que indica **press√£o compradora dominante**.
- O **spread extremamente apertado** sugere que o mercado est√° em **equil√≠brio moment√¢neo**, mas **pronto para um movimento direcional**.

---

## 2) **For√ßa Dominante**

A **for√ßa compradora √© claramente dominante**:
- Aumento expressivo de liquidez no bid.
- Redu√ß√£o de liquidez no ask (vendedores se retirando).
- Imbalance positivo (0.686) e ratio elevado (5.38).
- A press√£o compradora est√° concentrada na **zona de $115,155.50**, com uma parede s√≥lida e defensiva.

---

## 3) **Expectativa (Curto/M√©dio Prazo)**

**Curto prazo (horas/dias):**  
- Alta probabilidade de **rompimento para cima** da zona de $115,158.00, dado o desequil√≠brio comprador.
- A **liquidez acima do ask √© limitada**, o que pode levar a um **slippage positivo** caso haja ordens agressivas de"
2025-09-15T01:47:02+00:00,BTCUSDT,OrderBook,Demanda Forte,"PAREDE DE COMPRA: 18.69 @ $115,174.90 (limite: 13.18) | PAREDE DE VENDA: 2.80 @ $115,175.00 (limite: 1.99)",0,0,{},{},"### üìå **An√°lise Institucional ‚Äì BTCUSDT (OrderBook Snapshot)**

---

## 1) **Interpreta√ß√£o (Order Flow, Liquidez, Zona)**

### üìä **Snapshot do OrderBook**
- **Parede de Compra**: 18.69 BTC @ $115,174.90 (limite: 13.18 BTC)
- **Parede de Venda**: 2.80 BTC @ $115,175.00 (limite: 1.99 BTC)
- **Spread**: 0.10 USD (~0.000087%)
- **Imbalance**: 0.71066
- **Ratio**: ~5.91
- **Profundidade Bid/Ask (USD)**: $2,284,608 / $386,413
- **Market Impact (Sell)**: $0.315 USD de impacto (0.00027% de slippage)

### üß† **Leitura do Order Flow**
- **Imbalance elevado (0.71)** e **Ratio de 5.91** indicam **dom√≠nio comprador**.
- A **profundidade do Bid √© 5.9x maior** que a do Ask, refor√ßando press√£o compradora.
- **Parede de Compra** √© robusta e parece **defensiva**, com volume acima do limite (18.69 > 13.18), sugerindo **liquidez estruturada**.
- **Parede de Venda** √© pequena e pode ser **manipulativa** ou de **ordens de take profit**.

### üìç **Zona T√©cnica**
- **Zona de suporte estrutural**: $115,174.90
- **Zona de resist√™ncia imediata**: $115,175.00
- **Spread m√≠nimo** indica **alta liquidez e baixa volatilidade intr√≠nseca** no curto prazo.

---

## 2) **For√ßa Dominante**

üîπ **Compradores (Bulls)** s√£o claramente dominantes:
- Imbalance e Ratio altos
- Profundidade Bid muito superior
- Parede de Compra estruturada e defensiva

üîπ **Vendedores** est√£o presentes mas **limitados**:
- Volume de venda √© pequeno
- Pode estar sendo absorvido por liquidez estrutural

---

## 3) **Expectativa (Curto/M√©dio Prazo)**

### üìà"
2025-09-15T01:48:02+00:00,BTCUSDT,OrderBook,Oferta Forte,"FLUXO: Retirada de 92.4% na liquidez de compra (Bids). | FLUXO: Aumento de 1358.2% na liquidez de venda (Asks). | PAREDE DE COMPRA: 1.19 @ $115,167.40 (limite: 0.85) | PAREDE DE VENDA: 42.27 @ $115,169.50 (limite: 29.96)",0,0,{},{},"### üìå **Parecer Institucional ‚Äì BTCUSDT | OrderBook Analysis**

---

## 1) **Interpreta√ß√£o (Order Flow, Liquidez, Zona)**

**Zona de Pre√ßo Atual:**  
- **Parede de Compra (Bid Wall):** 1.19 BTC @ $115,167.40 (limite: 0.85 BTC)  
- **Parede de Venda (Ask Wall):** 42.27 BTC @ $115,169.50 (limite: 29.96 BTC)  
- **Spread:** 0.10 USD (extremamente estreito, indicando alta liquidez imediata)  
- **Imbalance:** -0.94 (negativo, indicando press√£o vendedora significativa)  
- **Pressure:** -0.94 (press√£o de venda esmagadora)  
- **Ratio:** 0.03 (liquidez de compra √© apenas 3% da liquidez total, extremamente baixa)

**Fluxo de Ordens:**
- **Retirada de 92.4% na liquidez de compra (Bids):** Indica que grandes players est√£o removendo ordens de compra, possivelmente para evitar suporte artificial ou preparar para uma queda.
- **Aumento de 1358.2% na liquidez de venda (Asks):** H√° uma inje√ß√£o maci√ßa de ordens de venda, sugerindo forte inten√ß√£o de liquida√ß√£o de posi√ß√µes ou manipula√ß√£o de pre√ßo.

**Conclus√£o da Interpreta√ß√£o:**
Estamos em uma zona de **alta press√£o vendedora**, com **desconstru√ß√£o da liquidez de compra** e **inje√ß√£o de liquidez de venda**. A **parede de compra** √© pequena e n√£o parece capaz de sustentar o pre√ßo por muito tempo. A **parede de venda**, por outro lado, √© robusta e indica que h√° uma estrutura de press√£o de venda bem armada.

---

## 2) **For√ßa Dominante**

- **For√ßa Dominante:** üü• **Vendedores (Sellers)**
- A retirada maci√ßa de bids e o aumento exponencial de asks indicam que **players institucionais ou grandes traders est√£o posicionados para uma queda de pre√ßo**.
- A press√£o √© t√£o forte que o **Market Impact de venda n√£o gera slippage**, o que sugere que a liquidez est√° pronta para absorver grandes ordens sem impacto significativo no pre√ßo.

---

## 3) **Expectativa (Curto/M√©dio Prazo)**

- **"
2025-09-15T01:49:02+00:00,BTCUSDT,OrderBook,Demanda Forte,"FLUXO: Aumento de 2020.0% na liquidez de compra (Bids). | FLUXO: Retirada de 95.8% na liquidez de venda (Asks). | PAREDE DE COMPRA: 28.37 @ $115,139.00 (limite: 20.08) | PAREDE DE VENDA: 2.00 @ $115,139.10 (limite: 1.41)",0,0,{},{},"### üìå **Parecer Institucional ‚Äì BTCUSDT (OrderBook)**

---

## 1) **Interpreta√ß√£o (Order Flow, Liquidez, Zona)**

### üîç **Order Flow**
- Houve um **aumento de 2020% na liquidez de compra (Bids)**, o que indica uma entrada maci√ßa de ordens de compra, possivelmente de players institucionais ou grandes traders posicionando-se para um movimento de alta.
- Simultaneamente, houve uma **retirada de 95.8% na liquidez de venda (Asks)**, sugerindo que vendedores profissionais est√£o removendo ofertas, possivelmente esperando um movimento de alta ou protegendo posi√ß√µes curtas.

### üíß **Liquidez**
- **Parede de Compra**: 28.37 BTC @ $115,139.00 (limite: 20.08 BTC)
  - Uma parede de liquidez robusta, com volume significativo, sugerindo forte suporte institucional.
- **Parede de Venda**: 2.00 BTC @ $115,139.10 (limite: 1.41 BTC)
  - Muito menor em compara√ß√£o com a de compra, refor√ßando a press√£o compradora.

### üìä **Imbalance e Pressure**
- **Imbalance**: 0.879 (alta assimetria compradora)
- **Pressure**: 0.879 (press√£o compradora muito forte)
- **Ratio**: 15.53 (rela√ß√£o Bids/Asks extremamente desequilibrada para o lado comprador)

### üìè **Spread**
- Spread m√≠nimo: **$0.10**, o que indica mercado extremamente l√≠quido e estreito, t√≠pico de zonas de suporte ou resist√™ncia fortes.

---

## 2) **For√ßa Dominante**

üîπ **Compradores (Bulls)**
- A entrada maci√ßa de liquidez compradora e a retirada da liquidez vendedora indicam que **os compradores est√£o dominando o order flow**.
- A presen√ßa de uma **parede de compra muito maior** que a de venda refor√ßa essa leitura.
- A **press√£o compradora √© claramente dominante**, com um imbalance acima de 0.85, o que √© considerado extremo em termos institucionais.

---

## 3) **Expectativa (Curto/M√©dio Prazo)**

üîπ **Curto Prazo (horas/dias)**:
- Alta probabilidade de **reje"
2025-09-15T01:50:02+00:00,BTCUSDT,OrderBook,Alerta de Liquidez,"FLUXO: Retirada de 74.0% na liquidez de compra (Bids). | FLUXO: Aumento de 633.3% na liquidez de venda (Asks). | PAREDE DE COMPRA: 7.79 @ $115,127.30 (limite: 5.49) | PAREDE DE VENDA: 11.65 @ $115,127.40 (limite: 8.30)",0,0,{},{},"### üìå **Parecer Institucional ‚Äì BTCUSDT | OrderBook Analysis**

---

## **1) Interpreta√ß√£o (Order Flow, Liquidez, Zona)**

### üîç **Zona Atual**
- **Pre√ßo Atual:** $115,127.30 (aproximadamente)
- **Parede de Compra:** 7.79 BTC @ $115,127.30 (limite: 5.49 BTC)
- **Parede de Venda:** 11.65 BTC @ $115,127.40 (limite: 8.30 BTC)
- **Spread:** 0.10 USD (extremamente apertado)
- **Imbalance:** -0.29 (vendendo mais que comprando)
- **Ratio de Profundidade (Bid/Ask):** 0.55 (mais liquidez no lado da venda)

### üìä **Liquidez**
- **Bid (Compra):** $949,914.63
- **Ask (Venda):** $1,727,373.51
- Houve uma **retirada de 74% da liquidez de compra**, o que pode indicar que grandes players est√£o removendo ordens de compra, possivelmente para induzir uma queda ou evitar suporte artificial.
- Ao mesmo tempo, houve um **aumento de 633% na liquidez de venda**, sugerindo forte press√£o de oferta acumulada acima do pre√ßo atual.

### üìà **Order Flow**
- O fluxo mostra uma **domin√¢ncia de sellers**, com aumento expressivo de liquidez no lado Ask.
- A **parede de venda √© maior** que a de compra, e est√° posicionada imediatamente acima do pre√ßo atual, o que pode atuar como uma **barreira psicol√≥gica**.
- A **parede de compra** est√° posicionada exatamente no pre√ßo atual, o que pode indicar um **n√≠vel de suporte defensivo**.

---

## **2) For√ßa Dominante**

üîπ **Vendedores (Sellers)**  
- Aumento significativo de liquidez no Ask (633%)  
- Imbalance negativo (-0.29)  
- Retirada de liquidez no Bid (74%)  
- Paredes de venda maiores e posicionadas estrategicamente

‚û°Ô∏è **Conclus√£o:** Sellers est√£o dominando o fluxo, mas h√° uma **parede de compra significativa** no n√≠vel atual, sugerindo que algum player est√° defendendo esse suporte.

---

## **3)"
2025-09-15T01:51:03+00:00,BTCUSDT,OrderBook,Alerta de Liquidez,"FLUXO: Aumento de 119.1% na liquidez de venda (Asks). | PAREDE DE COMPRA: 7.52 @ $115,076.90 (limite: 5.37) | PAREDE DE VENDA: 25.93 @ $115,077.00 (limite: 18.70)",0,0,{},{},"### üìå **Parecer Institucional ‚Äì BTCUSDT (OrderBook)**

---

## 1) **Interpreta√ß√£o (Order Flow, Liquidez, Zona)**

### üìä **Order Flow**
- Houve um **aumento de 119.1% na liquidez de venda (Asks)**, o que indica uma **a√ß√£o deliberada de sellers** posicionando-se acima do pre√ßo atual.
- A **Parede de Compra** (7.52 BTC @ $115,076.90) mostra uma **defesa institucional** em um n√≠vel de liquidez natural, sugerindo que buyers est√£o protegendo esse n√≠vel com ordens de limite.
- A **Parede de Venda** (25.93 BTC @ $115,077.00) √© significativamente maior, o que pode indicar **press√£o de venda estrutural** ou at√© **ordens de hedge** de grandes players.

### üíß **Liquidez**
- **Bid Depth (compra):** ~$1.026M
- **Ask Depth (venda):** ~$3.784M  
  ‚Üí H√° **mais liquidez no lado da venda**, o que pode indicar **dom√≠nio tempor√°rio dos vendedores**, mas com **resist√™ncia institucional imediata abaixo**.

### üß≠ **Zona T√©cnica**
- A zona entre **$115,076.90 (parede de compra)** e **$115,077.00 (parede de venda)** √© uma **zona de conflito institucional**.
- O **spread √© extremamente estreito (0.10 USD)**, o que indica **alta liquidez e disputa direta entre buyers e sellers**.

---

## 2) **For√ßa Dominante**

- **Vendedores est√£o dominando momentaneamente**, com aumento expressivo de liquidez na oferta.
- No entanto, a **parede de compra imediata abaixo** sugere que **compradores institucionais est√£o defendendo esse n√≠vel**, o que pode indicar uma **zona de suporte estrutural**.
- **Conflito latente** entre sellers posicionados acima e buyers posicionados abaixo.

---

## 3) **Expectativa (Curto/M√©dio Prazo)**

- **Curto Prazo:** Alta probabilidade de **rejei√ß√£o da press√£o de venda** caso a parede de compra resista.
- **M√©dio Prazo:** Se a zona for mantida, pode servir como **base para um novo impulso comprador**. Cas"
2025-09-15T01:52:02+00:00,BTCUSDT,OrderBook,Oferta Forte,"FLUXO: Retirada de 60.9% na liquidez de compra (Bids). | PAREDE DE COMPRA: 1.93 @ $115,049.00 (limite: 1.66) | PAREDE DE VENDA: 17.12 @ $115,050.10 (limite: 12.13)",0,0,{},{},"### üìå **Parecer Institucional ‚Äì BTCUSDT | OrderBook (Fluxo de Ordem)**

---

## 1) **Interpreta√ß√£o (Order Flow, Liquidez, Zona)**

### üîç **Zona de Pre√ßo Atual: $115,049.00 ‚Äì $115,050.10**
- **Parede de Compra (Bid Wall)**: 1.93 BTC @ $115,049.00
  - Limite: 1.66 BTC
  - Indica suporte institucional ou ordem acumulativa (limit order) com defesa clara.
- **Parede de Venda (Ask Wall)**: 17.12 BTC @ $115,050.10
  - Limite: 12.13 BTC
  - Sinaliza resist√™ncia imediata com liquidez significativa, possivelmente para distribui√ß√£o ou prote√ß√£o de posi√ß√£o.

### üìâ **Imbalance e Press√£o**
- **Imbalance**: -0.7066 (negativo indica press√£o vendedora)
- **Ratio**: 0.1719 (alta assimetria entre bids e asks)
- **Pressure**: -0.7066 (press√£o vendedora dominante)
- **Spread**: 0.10 (muito estreito, mercado l√≠quido e em equil√≠brio fino)

### üíß **Retirada de Liquidez de Compra (Bids)**
- **60.9% de redu√ß√£o** na liquidez de compra
  - Pode indicar:
    - **Retra√ß√£o de suporte institucional tempor√°ria**
    - **Poss√≠vel manipula√ß√£o de ordens (wash trading ou spoofing)**
    - **Prepara√ß√£o para movimento descendente ou teste de suporte**

---

## 2) **For√ßa Dominante**

- **Vendedores (Sellers)** s√£o dominantes no curto prazo.
- **Compradores** est√£o defendendo a zona de $115,049.00 com uma parede de liquidez.
- **Conflito direto** entre sellers (parede de venda) e buyers (parede de compra) est√° em andamento.

---

## 3) **Expectativa (Curto/M√©dio Prazo)**

### üìÖ **Curto Prazo (Horas/Dias)**
- **Teste da parede de compra** √© altamente prov√°vel.
- Se a parede for rompida, **nova zona de suporte** pode estar em $114,900 ‚Äì $114"
2025-09-15T01:53:02+00:00,BTCUSDT,OrderBook,Alerta de Liquidez,"FLUXO: Aumento de 128.3% na liquidez de compra (Bids). | FLUXO: Retirada de 65.6% na liquidez de venda (Asks). | PAREDE DE COMPRA: 6.96 @ $115,086.90 (limite: 4.92) | PAREDE DE VENDA: 6.62 @ $115,087.00 (limite: 4.67)",0,0,{},{},"### üìå **Parecer Institucional ‚Äì BTCUSDT | OrderBook**

---

## 1) **Interpreta√ß√£o (Order Flow, Liquidez, Zona)**

### üîç **Order Flow**
- Houve um **aumento expressivo de 128.3% na liquidez de compra (Bids)**, indicando forte interesse comprador na regi√£o de **$115,086.90**.
- Simultaneamente, houve uma **retirada significativa de 65.6% da liquidez de venda (Asks)**, sugerindo que vendedores est√£o se retirando ou sendo absorvidos.
- O **Imbalance** (0.0657) e o **Pressure** (0.0657) mostram leve **press√£o compradora**, embora ainda equilibrado.
- O **Ratio** (1.14) refor√ßa que h√° mais liquidez acumulada no lado comprador, o que pode indicar defesa de uma zona ou suporte emergente.

### üíß **Liquidez**
- **Bid Depth**: $915,629.92
- **Ask Depth**: $802,617.40
- A liquidez est√° **ligeiramente concentrada no lado comprador**, com uma **parede de compra s√≥lida** em **$115,086.90** (6.96 BTC), acima da parede de venda em **$115,087.00** (6.62 BTC).
- A **diferen√ßa m√≠nima de $0.10** entre a melhor oferta de compra e venda (spread) indica **alta liquidez e baixa volatilidade imediata**, t√≠pico de zonas de congest√£o ou defesa.

### üß± **Zona**
- A regi√£o entre **$115,086.90 e $115,087.00** √© uma **zona cr√≠tica de ordens**, com **parede de compra e venda pr√≥ximas**, sugerindo uma **zona de congest√£o ou poss√≠vel piv√¥**.
- A **parede de compra** parece ser uma **defesa de suporte**, enquanto a **parede de venda** pode ser interpretada como uma **tentativa de rejei√ß√£o de alta imediata**.

---

## 2) **For√ßa Dominante**

üîç **Compradores (Leve Dom√≠nio)**
- Aumento substancial de liquidez compradora.
- Retirada de liquidez vendedora.
- Press√£o compradora ligeiramente superior.
- A presen√ßa de uma **parede"
2025-09-15T01:54:02+00:00,BTCUSDT,OrderBook,Demanda Forte,"FLUXO: Aumento de 422.5% na liquidez de compra (Bids). | FLUXO: Retirada de 81.1% na liquidez de venda (Asks). | PAREDE DE COMPRA: 35.24 @ $115,127.20 (limite: 24.96) | PAREDE DE VENDA: 1.23 @ $115,127.30 (limite: 0.87)",0,0,{},{},"### üìå **Parecer Institucional ‚Äì BTCUSDT (OrderBook)**

---

## 1) **Interpreta√ß√£o (Order Flow, Liquidez, Zona)**

**Zona de Pre√ßo Atual:**  
- **Pre√ßo Atual:** $115,127.20  
- **Parede de Compra (Bid Wall):** 35.24 BTC @ $115,127.20  
- **Parede de Venda (Ask Wall):** 1.23 BTC @ $115,127.30  
- **Spread:** 0.10 USD (extremamente apertado)  
- **Imbalance:** 0.938 (alta press√£o compradora)  
- **Ratio Bid/Ask:** 31.5 (dom√≠nio esmagador de liquidez de compra)

**Interpreta√ß√£o do Order Flow:**
- Houve um **aumento de 422.5% na liquidez de compra**, o que indica que grandes players est√£o acumulando ou protegendo a zona de $115,127.20.
- Simultaneamente, houve uma **redu√ß√£o de 81.1% na liquidez de venda**, sugerindo que vendedores institucionais est√£o se retirando da zona, possivelmente esperando um movimento de rejei√ß√£o.
- A **parede de compra √© significativamente maior** que a de venda, o que indica uma zona de suporte altamente defendida.
- O **spread extremamente apertado** sugere que o mercado est√° em consolida√ß√£o, mas com alta concentra√ß√£o de ordens em torno da zona central.

---

## 2) **For√ßa Dominante**

A **for√ßa compradora √© claramente dominante**:
- A liquidez de compra √© **31.5x maior** que a de venda.
- A retirada de ofertas de venda indica que grandes players n√£o est√£o dispostos a vender nesse n√≠vel.
- A presen√ßa de uma **parede de compra massiva** sugere que essa zona √© uma **√°rea de acumula√ß√£o ou prote√ß√£o institucional**.

---

## 3) **Expectativa (Curto/M√©dio Prazo)**

**Curto prazo (horas/dias):**
- Alta probabilidade de **rejei√ß√£o da zona de $115,127.20** com movimento ascendente.
- Se a zona for testada novamente, pode ocorrer um **""squeeze""** devido √† baixa liquidez de venda e alta press√£o compradora.

**M√©dio prazo (dias/semanas"
2025-09-15T01:55:03+00:00,BTCUSDT,OrderBook,Demanda Forte,"FLUXO: Retirada de 58.1% na liquidez de compra (Bids). | PAREDE DE COMPRA: 15.68 @ $115,112.10 (limite: 11.08) | PAREDE DE VENDA: 1.55 @ $115,112.20 (limite: 1.10)",0,0,{},{},"### üìå **Parecer Institucional ‚Äì BTCUSDT | OrderBook (Fluxo de Ordens)**

---

## 1) **Interpreta√ß√£o (Order Flow, Liquidez, Zona)**

**Zona de Pre√ßo Atual:**  
- **Pre√ßo Atual:** $115,112.10 (√∫ltima cota√ß√£o no bid)
- **Parede de Compra (Bid Wall):** 15.68 BTC @ $115,112.10 (limite: 11.08 BTC)
- **Parede de Venda (Ask Wall):** 1.55 BTC @ $115,112.20 (limite: 1.10 BTC)
- **Spread:** 0.10 (muito estreito, sinalizando baixa volatilidade imediata ou consolida√ß√£o)
- **Imbalance:** 0.8148 (alta concentra√ß√£o de liquidez no bid)
- **Ratio:** ~9.8 (liquidez do bid √© quase 10x maior que do ask)
- **Pressure:** 0.8148 (press√£o compradora dominante)

**Eventos de Fluxo:**
- **Retirada de 58.1% na liquidez de compra (Bids):** Isso pode indicar manipula√ß√£o ou prote√ß√£o de uma zona, onde grandes players est√£o removendo ordens para evitar preencher e revelar inten√ß√£o.
- **Parede de Compra:** Ainda est√° presente, mas com liquidez reduzida. Pode estar sendo refor√ßada em n√≠veis mais baixos.
- **Parede de Venda:** Pequena em compara√ß√£o, o que sugere que a press√£o vendedora √© limitada.

---

## 2) **For√ßa Dominante**

- **Compradores (Bulls):** S√£o claramente dominantes no curto prazo.
- A **alta concentra√ß√£o de liquidez no bid** indica que h√° suporte forte nesse n√≠vel.
- A **redu√ß√£o de liquidez nos bids** pode ser uma manobra de ""limpeza"" de ordens fracas, t√≠pica antes de um movimento direcional forte.
- A **press√£o compradora √© clara**, mas a falta de volume no ask sugere que os vendedores n√£o est√£o ativos.

---

## 3) **Expectativa (Curto/M√©dio Prazo)**

- **Curto Prazo:** Alta probabilidade de **rejei√ß√£o da zona de $115,112.10** com **alta direcional**.
- **"
2025-09-15T01:56:01+00:00,BTCUSDT,OrderBook,Oferta Forte,"FLUXO: Retirada de 83.3% na liquidez de compra (Bids). | FLUXO: Aumento de 1352.6% na liquidez de venda (Asks). | PAREDE DE COMPRA: 2.67 @ $115,163.20 (limite: 1.89) | PAREDE DE VENDA: 22.04 @ $115,163.30 (limite: 15.60)",0,0,{},{},"### üìå **An√°lise Institucional ‚Äì BTCUSDT | OrderBook Snapshot**

---

## 1) **Interpreta√ß√£o (Order Flow, Liquidez, Zona)**

### üîç **Order Flow**
- Houve uma **retirada significativa de liquidez de compra (Bids)**: **83.3%**.
- Ao mesmo tempo, houve um **aumento exponencial de liquidez de venda (Asks)**: **1352.6%**.
- Isso sugere uma a√ß√£o deliberada de **desconstru√ß√£o da press√£o compradora** e **constru√ß√£o de press√£o vendedora**, possivelmente por players institucionais ou HFTs.

### üíß **Liquidez**
- **Parede de Compra**: 2.67 BTC @ $115,163.20 (limite: 1.89 BTC)
- **Parede de Venda**: 22.04 BTC @ $115,163.30 (limite: 15.60 BTC)
- A **parede de venda √© 8.25x maior** que a de compra, indicando uma **resist√™ncia forte** imediatamente acima do pre√ßo atual.

### üßÆ **Imbalance e Pressure**
- **Imbalance**: -0.797 (negativo = press√£o vendedora)
- **Pressure**: -0.797 (alta press√£o de venda)
- **Ratio**: 0.1127 ‚Üí indica que a liquidez de venda √© **9x maior** que a de compra.

### üìè **Spread**
- **Spread**: 0.10 (praticamente zero) ‚Üí mercado extremamente apertado, indicando **alta concentra√ß√£o de liquidez** em poucos n√≠veis de pre√ßo.

---

## 2) **For√ßa Dominante**

A **for√ßa dominante √© vendedora**, com:
- Aumento massivo de liquidez no lado Ask.
- Retirada estrat√©gica de liquidez no Bid.
- Parede de venda muito maior que a de compra.

Isso sugere que **grandes players est√£o posicionados para pressionar o pre√ßo para baixo**, ou ao menos **defender a zona de $115,163 como resist√™ncia**.

---

## 3) **Expectativa (Curto/M√©dio Prazo)**

### üìâ Curto Prazo:
- **Rejei√ß√£o imediata** da zona de $115,163.30 √© altamente prov√°vel.
- O pre√ßo pode **cair rapidamente** para a pr√≥xima zona de suporte ("
2025-09-15T01:57:02+00:00,BTCUSDT,OrderBook,Alerta de Liquidez,"FLUXO: Aumento de 84.2% na liquidez de compra (Bids). | PAREDE DE COMPRA: 5.03 @ $115,129.70 (limite: 3.54) | PAREDE DE VENDA: 15.96 @ $115,129.80 (limite: 11.44)",0,0,{},{},"### üìå **Parecer Institucional ‚Äì BTCUSDT (OrderBook)**

---

## 1) **Interpreta√ß√£o (Order Flow, Liquidez, Zona)**

- **Zona de Pre√ßo**: A ordem est√° centrada em **$115,129.70** (Bid) e **$115,129.80** (Ask), com um spread extremamente apertado de **0.10 USD** (0.000087% do pre√ßo), o que indica **alta liquidez e converg√™ncia de pre√ßos**.
  
- **Liquidez**:
  - **Bid Depth (compra)**: $617,439.99
  - **Ask Depth (venda)**: $2,506,958.21  
  ‚Üí H√° **dom√≠nio de liquidez vendedora**, com mais de **4x volume no Ask** em rela√ß√£o ao Bid.

- **Wall de Compra**: H√° uma **parede de compra de 5.03 BTC** em $115,129.70 (equivalente a ~$579,000), com um limite de 3.54 BTC j√° preenchido. Isso sugere que **compradores est√£o defendendo essa zona** e acumulando com pressa.

- **Wall de Venda**: Uma **parede de venda de 15.96 BTC** em $115,129.80 (equivalente a ~$1,837,000), com 11.44 BTC j√° preenchido. Indica que **vendedores est√£o pressionando o pre√ßo para baixo**, mas a parede ainda n√£o foi totalmente quebrada.

- **Imbalance**:  
  - Imbalance: -0.6048  
  - Ratio: 0.2463  
  ‚Üí Isso indica **press√£o vendedora**, embora a presen√ßa da parede de compra sugira que **compradores est√£o tentando reverter essa press√£o**.

- **Market Impact**:
  - Compra: Impacto negativo de -0.1098 USD (pre√ßo cairia para $115,126.20 se a ordem fosse executada).
  - Venda: Sem impacto (pre√ßo se mant√©m em $115,129.80).  
  ‚Üí Isso refor√ßa que **compradores t√™m dificuldade em sustentar o pre√ßo**.

---

## 2) **For√ßa Dominante**

- **For√ßa dominante**: **Vendedores**, devido ao **maior volume"
2025-09-15T01:58:01+00:00,BTCUSDT,OrderBook,Alerta de Liquidez,"PAREDE DE COMPRA: 1.93 @ $115,095.20 (limite: 1.75) | PAREDE DE VENDA: 11.34 @ $115,099.30 (limite: 8.08)",0,0,{},{},"### üìå **Parecer Institucional ‚Äì BTCUSDT | OrderBook Analysis**

---

## 1) **Interpreta√ß√£o (Order Flow, Liquidez, Zona)**

### üîç **Zona de Pre√ßo: $115,095.20 ‚Äì $115,099.30**

- **Parede de Compra**: 1.93 BTC @ $115,095.20 (limite: 1.75 BTC)
- **Parede de Venda**: 11.34 BTC @ $115,099.30 (limite: 8.08 BTC)

Essa zona mostra uma **concentra√ß√£o de ordens** que indica **resist√™ncia imediata** e **suporte defensivo**:

- A **parede de compra** √© relativamente pequena (1.93 BTC), mas est√° posicionada estrategicamente como um **√∫ltimo suporte defensivo** antes de um potencial teste de resist√™ncia.
- A **parede de venda** √© significativa (11.34 BTC), sugerindo que h√° um **grande vendedor** ou **market maker** posicionado para **evitar uma alta imediata**.
- O **spread √© extremamente estreito** (0.10 USD), o que indica **alta liquidez bid-ask** e **baixa volatilidade intr√≠nseca** no curto prazo.

### üìä **Imbalance e Press√£o**
- **Imbalance**: -0.56
- **Ratio**: 0.28
- **Pressure**: -0.56

Isso indica **press√£o vendedora l√≠quida**, mas n√£o extrema. A press√£o √© **moderada**, sugerindo que o pre√ßo pode testar a parede de compra, mas **n√£o h√° for√ßa compradora suficiente para romper a parede de venda** sem um gatilho externo.

---

## 2) **For√ßa Dominante**

- **Vendedores institucionais** est√£o dominando a a√ß√£o de pre√ßo imediata.
- A **parede de venda √© 6x maior** que a de compra, indicando que grandes players est√£o **defendendo o n√≠vel de $115,099.30**.
- A **profundidade do lado Ask √© 3.5x maior** que o Bid (USD), refor√ßando a ideia de **press√£o vendedora estrutural**.

---

## 3) **Expectativa (Curto/M√©dio Prazo)**

### üìÖ **Curto Prazo (Horas/Dias)**
- **Consolida"
2025-09-15T01:59:01+00:00,BTCUSDT,OrderBook,Demanda Forte,"FLUXO: Aumento de 675.0% na liquidez de compra (Bids). | FLUXO: Retirada de 84.5% na liquidez de venda (Asks). | PAREDE DE COMPRA: 25.43 @ $115,091.50 (limite: 18.10) | PAREDE DE VENDA: 1.93 @ $115,091.60 (limite: 1.38)",0,0,{},{},"### üìå **Parecer Institucional ‚Äì BTCUSDT (OrderBook)**

---

## **1) Interpreta√ß√£o (Order Flow, Liquidez, Zona)**

**Contexto Geral:**
- Houve um **aumento significativo de 675% na liquidez de compra (Bids)**, o que indica uma forte entrada de ordens de compra na regi√£o de **$115,091.50**, com uma **parede de compra de 25.43 BTC**.
- Paralelamente, houve uma **redu√ß√£o de 84.5% na liquidez de venda (Asks)**, sugerindo que vendedores est√£o se retirando ou sendo absorvidos rapidamente.
- A **parede de venda** √© relativamente pequena (1.93 BTC), o que indica que a press√£o vendedora √© m√≠nima nesse n√≠vel.

**Zona de Interesse:**
- A **zona cr√≠tica est√° em $115,091.50**, onde h√° uma **concentra√ß√£o de liquidez compradora** e pouca liquidez vendedora.
- O **spread √© extremamente estreito (0.10 USD)**, o que indica um mercado altamente l√≠quido e com baixa fric√ß√£o.
- O **Market Impact para venda** mostra que vender agora teria um pequeno impacto de slippage (~0.00042%), mas isso √© irrelevante comparado ao volume de compra.

---

## **2) For√ßa Dominante**

- **For√ßa Compradora (Bulls)** est√° dominando o order flow:
  - Aumento expressivo de bids.
  - Retirada de asks.
  - Parede de compra s√≥lida com volume acima da m√©dia.
- **For√ßa Vendedora (Bears)** est√° fraca:
  - Pouca liquidez √† venda.
  - Parede de venda pequena e facilmente absorv√≠vel.

---

## **3) Expectativa (Curto/M√©dio Prazo)**

- **Curto Prazo:** Alta probabilidade de **rejei√ß√£o da zona de $115,091.50** com **impulso ascendente**.
- **M√©dio Prazo:** Se o pre√ßo romper acima da **parede de venda em $115,091.60**, pode haver um **gap de liquidez** at√© a pr√≥xima zona de interesse (n√£o informada).
- A **press√£o compradora** √© suficiente para sustentar uma **alta de curto prazo** caso o pre√ßo n√£o rompa abaixo da parede de compra.

---

## **4) Prob"
2025-09-15T02:00:03+00:00,BTCUSDT,OrderBook,Oferta Forte,"FLUXO: Retirada de 94.5% na liquidez de compra (Bids). | FLUXO: Aumento de 534.6% na liquidez de venda (Asks). | PAREDE DE COMPRA: 1.27 @ $115,178.30 (limite: 0.93) | PAREDE DE VENDA: 14.03 @ $115,178.40 (limite: 9.88)",0,0,{},{},"### üìå **Parecer Institucional ‚Äì BTCUSDT | OrderBook Analysis**

---

## 1) **Interpreta√ß√£o (Order Flow, Liquidez, Zona)**

### üîç **Order Flow**
- Houve uma **retirada significativa de liquidez de compra (Bids)**: **-94.5%**, o que indica que grandes players (market makers ou institucionais) est√£o **removendo ordens de compra** da profundidade, possivelmente para evitar suporte artificial ou preparar para uma queda.
- Ao mesmo tempo, h√° um **aumento exponencial de liquidez de venda (Asks): +534.6%**, sugerindo que h√° **inten√ß√£o de pressionar o pre√ßo para baixo** com ordens acumuladas no lado de venda.

### üíß **Liquidez**
- **Parede de Compra**: 1.27 BTC @ $115,178.30 (limite: 0.93 BTC)
  - Pequena parede de suporte, mas com limite baixo, indicando que pode ser facilmente quebrada.
- **Parede de Venda**: 14.03 BTC @ $115,178.40 (limite: 9.88 BTC)
  - Uma parede significativa no lado da oferta, mostrando que h√° **resist√™ncia imediata** e potencial para rejei√ß√£o do pre√ßo nessa regi√£o.

### üßÆ **Imbalance e Press√£o**
- **Imbalance**: -0.784
- **Pressure**: -0.784
- **Ratio**: 0.12
  - Indicadores fortemente **negativos**, mostrando que a press√£o vendedora √© **muito superior** √† compradora. Isso sugere que o pre√ßo pode ter dificuldade em sustentar n√≠veis acima de $115,178.

### üìè **Spread**
- Spread m√≠nimo: **$0.10**, o que indica mercado **muito l√≠quido e apertado**, t√≠pico de movimentos de acumula√ß√£o ou manipula√ß√£o.

---

## 2) **For√ßa Dominante**

A **for√ßa dominante √© vendedora**. A combina√ß√£o de:
- Retirada de liquidez de compra
- Aumento expressivo de liquidez de venda
- Imbalance e pressure negativos

Indica que **grandes players est√£o posicionados para uma queda de pre√ßo** ou est√£o testando o suporte imediato para ver se h√° demanda real.

---

## 3) **Expectativa (Curto/M√©dio Prazo)**

### üìâ"
2025-09-15T02:01:02+00:00,BTCUSDT,OrderBook,Alerta de Liquidez,"FLUXO: Aumento de 1159.9% na liquidez de compra (Bids). | PAREDE DE COMPRA: 19.37 @ $115,264.90 (limite: 13.69) | PAREDE DE VENDA: 10.29 @ $115,265.00 (limite: 7.40)",0,0,{},{},"### üìå **Parecer Institucional ‚Äì BTCUSDT | OrderBook Snapshot**

---

## 1) **Interpreta√ß√£o (Order Flow, Liquidez, Zona)**

**Contexto Geral:**
- O mercado est√° em **equil√≠brio aparente**, com um **spread extremamente estreito** (0.10 USD, ou ~0.00087%) entre o melhor bid e ask.
- H√° um **desequil√≠brio moderado** no order flow, com **imbalance de 0.26** e **ratio de 1.70**, indicando **press√£o compradora ligeiramente maior**.
- A **profundidade do bid √© 70% maior** que a do ask (Bid: $2.496M | Ask: $1.466M), refor√ßando a ideia de **dom√≠nio comprador**.

**Liquidez:**
- Houve um **aumento expressivo de 1159.9% na liquidez de compra (Bids)**, o que pode indicar:
  - Acumula√ß√£o institucional.
  - Defesa de n√≠vel-chave.
  - Prepara√ß√£o para movimento ascendente.

**Paredes de Liquidez:**
- **Parede de Compra**: 19.37 BTC @ $115,264.90 (limite: 13.69 BTC)
  - Indica **defesa de suporte** ou **zona de acumula√ß√£o**.
  - A profundidade adicional sugere que essa zona pode ser **retestada e respeitada**.
- **Parede de Venda**: 10.29 BTC @ $115,265.00 (limite: 7.40 BTC)
  - Muito pr√≥xima da parede de compra, sugerindo **zona de congest√£o estreita**.
  - Pode ser uma **armadilha de traders** ou **ordem de take profit**.

---

## 2) **For√ßa Dominante**

- **Compradores est√£o dominando momentaneamente**, com aumento expressivo de liquidez no bid.
- A **proximidade entre bid wall e ask wall** sugere **conflito iminente**.
- A **press√£o compradora** parece mais estrutural, enquanto a venda parece reativa ou t√©cnica (take profit).

---

## 3) **Expectativa (Curto/M√©dio Prazo)**

**Curto Prazo (horas):**
- Alta probabilidade de **consolida√ß√£o ou rompimento limpo**.
- Se a **parede de compra for defendida**,"
2025-09-15T02:02:03+00:00,BTCUSDT,OrderBook,Demanda Forte,"FLUXO: Retirada de 80.8% na liquidez de venda (Asks). | PAREDE DE COMPRA: 18.42 @ $115,336.50 (limite: 13.15) | PAREDE DE VENDA: 1.78 @ $115,336.60 (limite: 1.27)",0,0,{},{},"### üìå **Parecer Institucional ‚Äì BTCUSDT (OrderBook)**

---

## 1) **Interpreta√ß√£o (Order Flow, Liquidez, Zona)**

**Zona de Pre√ßo:** $115,336.50 - $115,336.60  
**Parede de Compra:** 18.42 BTC @ $115,336.50 (limite: 13.15 BTC)  
**Parede de Venda:** 1.78 BTC @ $115,336.60 (limite: 1.27 BTC)  
**Imbalance:** 0.8114  
**Ratio:** 9.60  
**Pressure:** 0.8114  
**Profundidade Bid/Ask (USD):** Bid = $2.7M | Ask = $282K  
**Fluxo:** Retirada de 80.8% na liquidez de venda (Asks)

---

### üîç **An√°lise Detalhada:**

- **Zona de Suporte/Defesa:** A **parede de compra** de 18.42 BTC (equivalente a ~$2.1M) est√° sendo **defendida com for√ßa**, com um limite de 13.15 BTC ainda ativo. Isso indica **participa√ß√£o institucional ou whale** protegendo esse n√≠vel.
  
- **Redu√ß√£o de Liquidez de Venda:** A **retirada de 80.8% na liquidez de venda (Asks)** sugere que **vendedores est√£o recolhendo ordens**, possivelmente para evitar press√£o de venda ou para **criar um cen√°rio de escassez de oferta**, o que pode levar a uma **alta r√°pida** caso o pre√ßo suba.

- **Imbalance e Ratio:** O **Imbalance de 0.81** e **Ratio de 9.60** indicam uma **domin√¢ncia clara do lado comprador**, com muito mais liquidez acumulada no Bid do que no Ask. Isso refor√ßa a ideia de **press√£o compradora**.

- **Spread:** O spread √© extremamente estreito (0.10 USD), o que √© comum em ativos l√≠quidos como BTC, mas refor√ßa a **estabilidade da zona**.

- **Market Impact:**  
  - **Compra:** Nenhum impacto, o que indica que a **liquidez est√° dispon√≠vel** para compras at√© esse n√≠vel.  
  - **Venda:** Impacto de ~$0.55 por BTC, com slippage m√≠nimo,"
2025-09-15T02:03:02+00:00,BTCUSDT,OrderBook,Alerta de Liquidez,"FLUXO: Retirada de 86.7% na liquidez de compra (Bids). | FLUXO: Aumento de 525.0% na liquidez de venda (Asks). | PAREDE DE COMPRA: 1.97 @ $115,324.20 (limite: 1.47) | PAREDE DE VENDA: 14.50 @ $115,324.30 (limite: 10.22)",0,0,{},{},"### üìå **Parecer Institucional ‚Äì BTCUSDT | OrderBook Analysis**

---

## 1) **Interpreta√ß√£o (Order Flow, Liquidez, Zona)**

### üîç **Order Flow**
- **Retirada de 86.7% na liquidez de compra (Bids):**  
  Indica uma forte retirada de suporte perto do n√≠vel de $115,324.20, sugerindo que grandes players podem estar removendo ordens de compra para evitar que o pre√ßo seja sustentado nesse n√≠vel. Isso pode ser uma manobra de manipula√ß√£o ou prepara√ß√£o para um movimento de venda.

- **Aumento de 525% na liquidez de venda (Asks):**  
  Um aumento t√£o expressivo na oferta sugere que h√° press√£o vendedora acumulada acima do pre√ßo atual. Isso pode indicar inten√ß√£o de empurrar o pre√ßo para baixo, aproveitando a falta de liquidez compradora.

### üíß **Liquidez**
- **Parede de Compra:** 1.97 BTC @ $115,324.20  
  Uma parede de compra relativamente pequena, mas posicionada estrategicamente. Pode estar servindo como um ""falso suporte"" ou como um ""magnet"" para atrair ordens curtas.

- **Parede de Venda:** 14.50 BTC @ $115,324.30  
  A presen√ßa de uma parede de venda logo acima da parede de compra indica uma zona de forte resist√™ncia imediata. O volume √© significativo e pode ser usado para pressionar o pre√ßo para baixo ap√≥s um teste da zona.

### üß≠ **Zona**
- A zona **$115,324.20 ‚Äì $115,324.30** √© uma **zona de congest√£o cr√≠tica**, com forte concentra√ß√£o de ordens em ambos os lados.
- A proximidade entre as paredes sugere uma **zona de decis√£o** para o mercado. A falta de liquidez compradora e o aumento na liquidez vendedora indicam que essa zona pode ser rompida para baixo.

---

## 2) **For√ßa Dominante**

üîç **Vendedores (Short Bias)**  
- A retirada de liquidez compradora e o aumento significativo na liquidez vendedora apontam para uma **domin√¢ncia de vendedores**.
- A press√£o negativa no orderbook √© clara, com **imbalance negativo (-0.66)** e **press√£o de venda (-0.66)**.
- O"
2025-09-15T02:04:02+00:00,BTCUSDT,OrderBook,Alerta de Liquidez,"FLUXO: Aumento de 257.4% na liquidez de compra (Bids). | PAREDE DE COMPRA: 9.53 @ $115,375.60 (limite: 6.79) | PAREDE DE VENDA: 8.69 @ $115,375.70 (limite: 6.13)",0,0,{},{},"### üìå **An√°lise Institucional ‚Äì BTCUSDT | OrderBook (Spot)**

---

## 1) **Interpreta√ß√£o (Order Flow, Liquidez, Zona)**

### üîç **Order Flow**
- Houve um **aumento significativo de 257.4% na liquidez de compra (Bids)**, o que indica uma entrada substancial de ordens de compra na regi√£o imediatamente abaixo do pre√ßo atual.
- A **Parede de Compra** est√° localizada em **$115,375.60**, com volume de **9.53 BTC**, sendo que **6.79 BTC** est√° em limite imediato (ordens vis√≠veis no livro).
- A **Parede de Venda** est√° localizada em **$115,375.70**, com volume de **8.69 BTC**, sendo **6.13 BTC** em limite.

### üß† **Interpreta√ß√£o da Zona**
- O **pre√ßo est√° em uma zona de equil√≠brio extremamente estreita**, com **spread de apenas $0.10** entre o melhor bid e ask.
- A concentra√ß√£o de liquidez nas paredes sugere que **esta regi√£o est√° sendo defendida**, possivelmente por market makers ou players institucionais.
- A **liquidez acumulada no bid (Bids = $1.286M)** √© maior que no ask (Asks = $1.067M), indicando **press√£o compradora leve mas presente**.

---

## 2) **For√ßa Dominante**

üîç **For√ßa Compradora (Leve)**  
- A entrada de liquidez compradora √© significativa (257.4% de aumento), sugerindo que **compradores est√£o acumulando nessa regi√£o**.
- A **parede de compra √© ligeiramente maior em volume** que a de venda, o que pode indicar **defesa de suporte** ou **tentativa de sustenta√ß√£o de pre√ßo**.
- O **Market Impact Buy** mostra um leve impacto negativo (-0.029 USD), sugerindo que a liquidez no bid √© suficiente para absorver pequenas ordens sem grandes distor√ß√µes.

‚û°Ô∏è **Conclus√£o**: A **for√ßa compradora √© dominante, mas de forma leve e defensiva**. A venda est√° presente, mas n√£o √© esmagadora.

---

## 3) **Expectativa (Curto/M√©dio Prazo)**

### üìÖ **Curto Prazo**
- A zona atual parece ser um **ponto de decis√£o** para o pre√ßo.
- Se a **parede de compra for mantida**, o"
2025-09-15T02:05:02+00:00,BTCUSDT,OrderBook,Oferta Forte,"FLUXO: Retirada de 55.2% na liquidez de compra (Bids). | FLUXO: Aumento de 293.5% na liquidez de venda (Asks). | PAREDE DE VENDA: 33.84 @ $115,324.40 (limite: 23.87)",0,0,{},{},"### üìå **BTCUSDT | OrderBook Analysis (Intraday) - Parecer Institucional**

---

## 1) **Interpreta√ß√£o (Order Flow, Liquidez, Zona)**

### üîç **Order Flow:**
- Houve uma **retirada significativa de liquidez de compra (Bids): -55.2%**, o que indica que grandes players est√£o **removendo suporte** pr√≥ximo ao n√≠vel atual.
- Ao mesmo tempo, h√° um **aumento expressivo na liquidez de venda (Asks): +293.5%**, sugerindo que h√° **oferta acumulada** acima do pre√ßo atual, possivelmente para **pressionar uma queda**.
- A presen√ßa de uma **parede de venda de 33.84 BTC @ $115,324.40** (equivalente a ~$3.9M) indica uma **zona de resist√™ncia psicol√≥gica e t√©cnica**, com uma **defesa agressiva** da liquidez nesse n√≠vel.

### üíß **Liquidez e Imbalance:**
- O **Imbalance (-0.758)** e o **Pressure (-0.758)** est√£o altamente negativos, mostrando que a **press√£o vendedora √© dominante** no livro de ordens.
- O **Ratio (0.137)** refor√ßa que a liquidez de venda √© muito maior que a de compra.
- O **spread √© m√≠nimo (0.0999)**, o que indica mercado l√≠quido, mas com **desequil√≠brio estrutural**.

### üìç **Zona:**
- A **zona cr√≠tica est√° em $115,324.40**, onde h√° uma **parede de venda densa** e uma **retra√ß√£o de bids**.
- Essa zona parece ser um **n√≠vel de rejei√ß√£o institucional**, onde grandes players est√£o **defendendo a press√£o vendedora**.

---

## 2) **For√ßa Dominante**

üîπ **Vendedores institucionais** s√£o claramente a for√ßa dominante neste momento:
- Retirada de bids = **remo√ß√£o de suporte**.
- Aumento de asks = **ac√∫mulo de press√£o vendedora**.
- Parede de venda = **defesa de n√≠vel com ordens de limite**.

---

## 3) **Expectativa (Curto/M√©dio Prazo)**

üîπ **Curto Prazo:**  
- Alta probabilidade de **rejei√ß√£o do n√≠vel $115,324.40** seguido de **queda direcionada**.
- O pre√ßo pode buscar o pr√≥ximo suporte com"
2025-09-15T02:06:02+00:00,BTCUSDT,OrderBook,Oferta Forte,"FLUXO: Retirada de 92.8% na liquidez de compra (Bids). | PAREDE DE COMPRA: 0.10 @ $115,333.20 (limite: 0.09) | PAREDE DE VENDA: 40.40 @ $115,335.30 (limite: 28.54)",0,0,{},{},"### üìå **Parecer Institucional ‚Äì BTCUSDT (OrderBook)**

---

## 1) **Interpreta√ß√£o (Order Flow, Liquidez, Zona)**

### üîç **Order Flow**
- Houve uma **retirada de 92.8% da liquidez de compra (Bids)**, o que indica uma **a√ß√£o estrat√©gica de remo√ß√£o de suporte**. Isso pode sugerir que grandes players est√£o **recolhendo ordens de compra** para evitar que o pre√ßo suba com facilidade, ou que est√£o se preparando para uma **queda de pre√ßo**.
- A **parede de compra** est√° localizada em **$115,333.20**, com **0.10 BTC (limite: 0.09 BTC)**. Isso √© um n√≠vel de suporte vis√≠vel e defensivo, mas com volume baixo, o que pode indicar que a defesa √© **fr√°gil**.
- A **parede de venda** est√° em **$115,335.30**, com **40.40 BTC (limite: 28.54 BTC)**. Isso mostra uma **press√£o de venda significativa** acima do pre√ßo atual, sugerindo que h√° uma **resist√™ncia institucional** nesse n√≠vel.

### üíß **Liquidez**
- **Bid Depth (compra): $41,519.94**
- **Ask Depth (venda): $5,038,309.55**
- H√° um **desequil√≠brio extremo** no orderbook, com **liquidez de venda 121x maior** que a de compra. Isso indica **press√£o vendedora esmagadora** no curto prazo.

### üìç **Zona**
- A zona cr√≠tica est√° entre **$115,333.20 (suporte)** e **$115,335.30 (resist√™ncia)**.
- O **spread √© m√≠nimo (0.10)**, o que sugere **alta liquidez imediata**, mas com **press√£o de venda dominante**.

---

## 2) **For√ßa Dominante**

üîπ **Vendedores (Short Bias)**
- A **liquidez de venda √© massiva** e a **retirada de bids** refor√ßa que a press√£o vendedora √© dominante.
- A **parede de venda** √© muito maior que a de compra, o que indica que **grandes players est√£o posicionados para uma queda de pre√ßo**.

---

## 3) **Expectativa (Curto/M√©dio Prazo)**

### ‚è± Curto Praz"
2025-09-15T02:07:02+00:00,BTCUSDT,OrderBook,Alerta de Liquidez,"FLUXO: Aumento de 2436.7% na liquidez de compra (Bids). | FLUXO: Retirada de 71.3% na liquidez de venda (Asks). | PAREDE DE COMPRA: 7.90 @ $115,333.90 (limite: 5.59) | PAREDE DE VENDA: 9.55 @ $115,334.00 (limite: 6.90)",0,0,{},{},"### üìå **Parecer Institucional ‚Äì BTCUSDT (OrderBook)**

---

## 1) **Interpreta√ß√£o (Order Flow, Liquidez, Zona)**

### üîç **Order Flow**
- Houve um **aumento massivo de 2436.7% na liquidez de compra (Bids)**, o que indica uma forte entrada de ordens de compra na regi√£o imediatamente abaixo do pre√ßo atual.
- Simultaneamente, houve uma **retirada de 71.3% na liquidez de venda (Asks)**, sugerindo que vendedores est√£o removendo ofertas ou que grandes ordens de compra est√£o consumindo a liquidez existente.
- O **spread √© extremamente estreito (0.10 USD)**, o que √© comum em ativos l√≠quidos como BTC, mas refor√ßa a proximidade entre ofertantes e demandantes.

### üíß **Liquidez**
- **Bid Depth (compra):** $1,053,226
- **Ask Depth (venda):** $1,446,986  
  Apesar de maior liquidez no lado da venda, a **press√£o compradora √© mais forte**, como mostrado pelo imbalance negativo (-0.157) e o ratio de 0.728 (menor que 1 indica mais press√£o compradora).

### üß± **Zona de Interesse**
- **Parede de Compra:** 7.90 BTC @ $115,333.90 (limite: 5.59 BTC)
- **Parede de Venda:** 9.55 BTC @ $115,334.00 (limite: 6.90 BTC)

Essas paredes est√£o **extremamente pr√≥ximas**, formando uma **zona de congest√£o entre $115,333.90 e $115,334.00**, com uma diferen√ßa de apenas $0.10.

---

## 2) **For√ßa Dominante**

A **for√ßa compradora √© dominante**:
- Aumento significativo de liquidez de compra.
- Retirada expressiva de liquidez de venda.
- Imbalance negativo e market impact comprador mais expressivo (-0.348 USD impact vs +0.053 no lado da venda).

Isso sugere que **grandes players est√£o acumulando ou defendendo essa zona**, possivelmente para evitar queda de pre√ßo.

---

## 3) **Expectativa (Curto/M√©dio Prazo)**

### üìà Curto Prazo:"
2025-09-15T02:08:03+00:00,BTCUSDT,OrderBook,Alerta de Liquidez,"PAREDE DE COMPRA: 8.94 @ $115,363.10 (limite: 6.46) | PAREDE DE VENDA: 12.99 @ $115,363.20 (limite: 9.14)",0,0,{},{},"### üìå **Parecer Institucional ‚Äì BTCUSDT (OrderBook)**

---

## 1) **Interpreta√ß√£o (Order Flow, Liquidez, Zona)**

**Zona de Pre√ßo:**  
- A ordem est√° centrada em **$115,363.10 - $115,363.20**, uma zona extremamente apertada com **spread de apenas $0.10**.
- **Parede de Compra:** 8.94 BTC @ $115,363.10 (limite: 6.46 BTC)
- **Parede de Venda:** 12.99 BTC @ $115,363.20 (limite: 9.14 BTC)

**Liquidez:**
- **Bid Depth (compra):** ~$1,304,521
- **Ask Depth (venda):** ~$1,522,565  
  ‚Üí A liquidez √© **alta** e **concentrada** nessa zona, indicando **defesa institucional ou algor√≠tmica**.

**Order Flow:**
- H√° um **desbalanceamento leve para venda** (imbalance: -0.077), mas o **ratio est√° em 0.857**, o que indica **resist√™ncia compradora**.
- O **market impact** para compra √© negativo (pre√ßo cai ap√≥s execu√ß√£o), o que sugere que a ordem de compra foi **parcialmente absorvida** ou **defendida**.
- Para venda, o impacto √© zero, o que indica que a **venda n√£o move o pre√ßo**, possivelmente por **liquidez passiva**.

---

## 2) **For√ßa Dominante**

- **For√ßa Compradora:** **Moderada a forte** ‚Äì A presen√ßa de uma parede de compra com 8.94 BTC indica **defesa de suporte** ou tentativa de **revers√£o**.
- **For√ßa Vendedora:** **Moderada** ‚Äì A parede de venda maior (12.99 BTC) sugere **resist√™ncia passiva**, mas n√£o h√° press√£o agressiva (market impact zero).
- **Conclus√£o:** **For√ßa compradora est√° mais ativa e defensiva**, mas **vendedores est√£o posicionados estrategicamente** acima.

---

## 3) **Expectativa (Curto/M√©dio Prazo)**

- **Curto Prazo (horas):**  
  ‚Üí Alta probabilidade de **consolida√ß√£o ou rejei√ß√£o na zona**.  
  ‚Üí Se a compra de 8.9"
